store_id,sales2012_k,population_3mi,income_3mi,yelp_rating,endcap
1,1761,15432,47644,1.5,1
2,3493,51425,31273,4.0,1
3,3450,54496,67161,4.0,1
4,1445,63234,47911,1.0,1
5,4458,64222,49429,5.0,1
6,4502,76547,91781,5.0,1
7,3666,81091,45834,4.0,1
8,3844,81495,61567,4.5,1
9,2549,99660,54657,2.5,1
10,2705,102122,53474,2.5,1
11,3829,111246,61989,4.5,1
12,4850,116345,56149,5.0,1
13,4467,118329,58673,5.0,1
14,3089,120915,26588,3.0,1
15,4523,133281,68709,5.0,1
16,4401,135325,48502,5.0,1
17,3586,150982,33792,5.0,1
18,1949,182381,35875,1.5,1
19,4219,387887,39480,5.0,1
20,3469,389167,38821,4.0,1
21,2511,396904,38957,2.0,1
22,2750,459473,47320,3.0,1
23,2789,527877,51200,2.0,1
24,2916,27486,110148,4.0,0
25,2267,35436,64938,3.0,0
26,3139,36788,78608,5.0,0
27,1939,65415,50281,2.5,0
28,3668,66395,82936,5.0,0
29,2645,80210,58287,3.0,0
30,1878,81438,65130,2.5,0
31,1556,105833,88587,2.0,0
32,1018,109139,106508,1.0,0
33,2160,110247,73393,3.0,0
34,2441,115501,66667,3.5,0
35,1950,121059,56754,3.0,0
36,848,125624,60894,1.0,0
37,1560,127477,73027,2.0,0
38,1443,156559,63554,1.0,0
39,1555,163039,36416,2.0,0
40,1365,171086,63085,1.5,0
41,2145,192373,44851,3.0,0
42,2343,193961,69780,2.5,0
43,1169,250989,60684,1.5,0
44,1476,380860,62821,2.0,0
45,2232,386399,44625,3.0,0
